term,label
tummy aches,abdominal_pain
abdominal pain,abdominal_pain
soreness in abdomen,abdominal_pain
abdomen pain,abdominal_pain
abdominal pains,abdominal_pain
abdominal aches,abdominal_pain
tummy ache,abdominal_pain
abdominal ache,abdominal_pain
pain in abdomens,abdominal_pain
ache in abdomens,abdominal_pain
pain in abdomen,abdominal_pain
soreness in abdomens,abdominal_pain
irregular period,abnormal_menstruation
abnormal menstruations,abnormal_menstruation
irregular cycles,abnormal_menstruation
irregular cycle,abnormal_menstruation
unusual periods,abnormal_menstruation
abnormal menstruation,abnormal_menstruation
missed periods,abnormal_menstruation
unusual periodses,abnormal_menstruation
irregular periods,abnormal_menstruation
period problems,abnormal_menstruation
irregular menstruations,abnormal_menstruation
disturbed menstruation,abnormal_menstruation
acidic stomaches,acidity
sour stomaches,acidity
heartburns,acidity
acid burns,acidity
stomach acid,acidity
acid reflux,acidity
acidic stomach,acidity
acid problems,acidity
reflux acidities,acidity
sour stomach,acidity
reflux acidity,acidity
stomach acids,acidity
sudden liver failure,acute_liver_failure
fulminant hepatic failures,acute_liver_failure
liver shutting down,acute_liver_failure
liver failure acutes,acute_liver_failure
rapid liver failures,acute_liver_failure
acute hepatic failures,acute_liver_failure
acute liver failures,acute_liver_failure
rapid liver failure,acute_liver_failure
acute liver failure,acute_liver_failure
liver failure acute,acute_liver_failure
severe liver failure,acute_liver_failure
liver shutting downs,acute_liver_failure
disoriented,altered_sensorium
altered mental status,altered_sensorium
confusion,altered_sensorium
altered sensoriums,altered_sensorium
out of its,altered_sensorium
confused states,altered_sensorium
out of it,altered_sensorium
confused state,altered_sensorium
confusions,altered_sensorium
altered mental statuses,altered_sensorium
not fully consciouses,altered_sensorium
clouded sensorium,altered_sensorium
feeling anxiouses,anxiety
feelin on edge,anxiety
anxiouses,anxiety
feelin anxious,anxiety
nervousness,anxiety
anxiety attacks,anxiety
anxieties,anxiety
feeling nervouses,anxiety
feelin nervous,anxiety
feeling on edge,anxiety
worried and tense,anxiety
feeling anxious,anxiety
pain in back,back_pain
soreness in back,back_pain
back aches,back_pain
back hurtses,back_pain
soreness in backs,back_pain
pain in backs,back_pain
ache in backs,back_pain
back ache,back_pain
sore backs,back_pain
sore back,back_pain
back pains,back_pain
painful back,back_pain
painful belly,belly_pain
tummy pain,belly_pain
painful bellies,belly_pain
belly pains,belly_pain
tummy pains,belly_pain
pain in belly,belly_pain
pain in bellies,belly_pain
belly aches,belly_pain
ache in bellies,belly_pain
ache in belly,belly_pain
black-heads,blackheads
blackheadses,blackheads
black spots on nose,blackheads
blackheads,blackheads
black headses,blackheads
black pores,blackheads
black-headses,blackheads
black dots on skins,blackheads
black dots on skin,blackheads
black spots on noses,blackheads
clogged pores black,blackheads
black poreses,blackheads
bladder soreness,bladder_discomfort
bladder sorenesses,bladder_discomfort
painful bladders,bladder_discomfort
bladder discomfort,bladder_discomfort
painful bladder,bladder_discomfort
ache over bladders,bladder_discomfort
bladder discomforts,bladder_discomfort
pressure over bladders,bladder_discomfort
bladder pain,bladder_discomfort
suprapubic pain,bladder_discomfort
suprapubic pains,bladder_discomfort
bladder pressure,bladder_discomfort
blisters,blister
water blisters,blister
fluid filled blister,blister
raised blisters,blister
fluid filled blisters,blister
skin blisters,blister
bubble on skin,blister
water blister,blister
raised blister,blister
blistered skins,blister
blister,blister
blistered skin,blister
blood in phlegm,blood_in_sputum
blood in phlegms,blood_in_sputum
hemoptysis,blood_in_sputum
coughing up blood,blood_in_sputum
blood when I cough,blood_in_sputum
bloody sputums,blood_in_sputum
blood in sputums,blood_in_sputum
blood with mucuses,blood_in_sputum
blood in sputum,blood_in_sputum
hemoptysises,blood_in_sputum
coughin up blood,blood_in_sputum
blood in spit,blood_in_sputum
blood when poopin,bloody_stool
blood when pooping,bloody_stool
blood in poops,bloody_stool
blood in poop,bloody_stool
blood in bowel movements,bloody_stool
blood with bowel movements,bloody_stool
blood with bowel movement,bloody_stool
rectal bleeding,bloody_stool
rectal bleedin,bloody_stool
blood in bowel movement,bloody_stool
bloody stools,bloody_stool
bloody stool,bloody_stool
blurry visions,blurred_and_distorted_vision
vision distortion,blurred_and_distorted_vision
blurry & distorted vision,blurred_and_distorted_vision
distorted visions,blurred_and_distorted_vision
vision is blurred,blurred_and_distorted_vision
blurred and distorted vision,blurred_and_distorted_vision
blurry eyesight,blurred_and_distorted_vision
blurry and distorted vision,blurred_and_distorted_vision
vision out of focuses,blurred_and_distorted_vision
vision is blurreds,blurred_and_distorted_vision
blurry and distorted visions,blurred_and_distorted_vision
blurred and distorted visions,blurred_and_distorted_vision
difficulty breathin,breathlessness
shortness of breath,breathlessness
shortness of breaths,breathlessness
short of breath,breathlessness
trouble breathings,breathlessness
breathlessness,breathlessness
out of breath,breathlessness
short of breaths,breathlessness
difficulty breathing,breathlessness
difficulty breathings,breathlessness
trouble breathin,breathlessness
breathing is difficult,breathlessness
brittle fingernailses,brittle_nails
nails chip easily,brittle_nails
nails breakings,brittle_nails
thin brittle nails,brittle_nails
fragile nailses,brittle_nails
easily broken nailses,brittle_nails
weak nailses,brittle_nails
nails breaking,brittle_nails
brittle nailses,brittle_nails
weak nails,brittle_nails
nails chip easilies,brittle_nails
thin brittle nailses,brittle_nails
black and blue marks,bruising
bruise easilies,bruising
easy bruisin,bruising
easy bruising,bruising
unexplained bruises,bruising
purple markses,bruising
skin bruises,bruising
bruise easily,bruising
bruising,bruising
skin bruiseses,bruising
black and blue markses,bruising
bruisings,bruising
burns to pees,burning_micturition
dysuria,burning_micturition
burnin while urinatin,burning_micturition
stinging when peeing,burning_micturition
burning urination,burning_micturition
burning while urinating,burning_micturition
painful urinations,burning_micturition
stinging when peeings,burning_micturition
burning when peeing,burning_micturition
it burns when i pee,burning_micturition
burning while urinatings,burning_micturition
burns to pee,burning_micturition
burning chest,burning_chest
Pyrosis,burning_chest
burning sensation in my chest,burning_chest
acid burn in the chest,burning_chest
acid reflux,burning_chest
burning in my chest,burning_chest
chest burning,burning_chest
chest is burning,burning_chest
painful chest,chest_pain
chest hurtses,chest_pain
chest pain,chest_pain
sore chest,chest_pain
ache in chests,chest_pain
pain in chests,chest_pain
ache in chest,chest_pain
chest hurts,chest_pain
painful chests,chest_pain
soreness in chest,chest_pain
chest ache,chest_pain
sore chests,chest_pain
chillses,chills
feeling chillses,chills
cold shiverses,chills
shakin chills,chills
chills,chills
feeling very cold,chills
rigorses,chills
feeling chills,chills
feeling very colds,chills
chillinesses,chills
feelin chills,chills
cold chills,chills
cold hands and foot,cold_hands_and_feets
cold hands & feet,cold_hands_and_feets
very cold hands and feet,cold_hands_and_feets
cold fingers & toes,cold_hands_and_feets
cold hands and foots,cold_hands_and_feets
cold hands and feet,cold_hands_and_feets
hands and feet feel colds,cold_hands_and_feets
cold hands and feets,cold_hands_and_feets
hands & feet feel cold,cold_hands_and_feets
cold hands & feets,cold_hands_and_feets
cold extremitieses,cold_hands_and_feets
cold fingers and toes,cold_hands_and_feets
deeply unconsciouses,coma
not waking ups,coma
not waking up,coma
comatose,coma
unresponsives,coma
coma states,coma
comatoses,coma
not wakin up,coma
comas,coma
unconscious for longs,coma
coma,coma
in a coma,coma
congested nose,congestion
congested noses,congestion
nose congestions,congestion
stopped up noses,congestion
stuffy sinuses,congestion
sinus congestions,congestion
stuffy noses,congestion
nasal congestions,congestion
stuffy nose,congestion
blocked noses,congestion
nose congestion,congestion
nasal congestion,congestion
infrequent stoolses,constipation
constipations,constipation
constipation,constipation
no bowel movements,constipation
stool is hards,constipation
straining to poop,constipation
infrequent stools,constipation
constipated,constipation
difficulty passing stools,constipation
straining to poops,constipation
stool is hard,constipation
difficulty passin stool,constipation
need to pee all the time,continuous_feel_of_urine
constant urge to urinate,continuous_feel_of_urine
keep feeling to pees,continuous_feel_of_urine
always feel like urinating,continuous_feel_of_urine
need to pee all the times,continuous_feel_of_urine
feel like peein constantly,continuous_feel_of_urine
always feel like urinatin,continuous_feel_of_urine
urge to urinate all the times,continuous_feel_of_urine
keep feeling to pee,continuous_feel_of_urine
constant urge to urinates,continuous_feel_of_urine
feel like peeing constantly,continuous_feel_of_urine
urge to urinate all the time,continuous_feel_of_urine
lots of sneezing,continuous_sneezing
constant sneezing,continuous_sneezing
lots of sneezings,continuous_sneezing
repeated sneezes,continuous_sneezing
continuous sneezing,continuous_sneezing
sneeze again and again,continuous_sneezing
constant sneezings,continuous_sneezing
sneeze again & again,continuous_sneezing
lots of sneezin,continuous_sneezing
sneezing non stops,continuous_sneezing
sneezing a lot,continuous_sneezing
sneezin a lot,continuous_sneezing
persistent coughs,cough
bad cough,cough
wet coughs,cough
cough a lot,cough
dry coughs,cough
wet cough,cough
coughin,cough
hackin cough,cough
hacking cough,cough
cough,cough
bad coughs,cough
cuff,cough
persistent cough,cough
muscle cramps,cramps
muscle crampses,cramps
spasms,cramps
stomach cramps,cramps
crampses,cramps
crampings,cramps
crampin pain,cramps
cramp painses,cramps
stomach crampses,cramps
crampy pains,cramps
crampy pain,cramps
cramping pains,cramps
cola colored urines,dark_urine
tea coloured urine,dark_urine
urine looks darks,dark_urine
cola coloured urine,dark_urine
dark pees,dark_urine
dark yellow urine,dark_urine
tea colored urine,dark_urine
tea coloured urines,dark_urine
dark yellow urines,dark_urine
brown urines,dark_urine
cola colored urine,dark_urine
dark urines,dark_urine
dehydrated,dehydration
severely dehydrateds,dehydration
dry mouth and little urine,dehydration
dehydrateds,dehydration
dry mouth & little urine,dehydration
not enough fluids,dehydration
severely dehydrated,dehydration
very thirsty & dry,dehydration
very thirsty and dries,dehydration
fluid depletion,dehydration
very thirsty and dry,dehydration
fluid depletions,dehydration
depressed,depression
low moods,depression
feelin down,depression
depressive symptoms,depression
blue moods,depression
depresseds,depression
blue mood,depression
depressions,depression
low mood,depression
depression,depression
feelin sad,depression
very low moods,depression
diarrhoea,diarrhoea
passing watery stoolses,diarrhoea
loose motionses,diarrhoea
the runs,diarrhoea
loose stoolses,diarrhoea
diarrheas,diarrhoea
loose motions,diarrhoea
loose stools,diarrhoea
the runses,diarrhoea
watery stool,diarrhoea
watery stools,diarrhoea
frequent diarrheas,diarrhoea
dischromic patches,dischromic _patches
color change patcheses,dischromic _patches
colour change patcheses,dischromic _patches
hypopigmented patcheses,dischromic _patches
uneven skin patcheses,dischromic _patches
hyperpigmented patcheses,dischromic _patches
discoloured patches,dischromic _patches
uneven skin patches,dischromic _patches
dischromic patcheses,dischromic _patches
color change patches,dischromic _patches
hyperpigmented patches,dischromic _patches
hypopigmented patches,dischromic _patches
abdomen is distendeds,distention_of_abdomen
abdominal distension,distention_of_abdomen
stomach bloatings,distention_of_abdomen
distended abdomens,distention_of_abdomen
belly bloatin,distention_of_abdomen
bloatin of abdomen,distention_of_abdomen
bloating of abdomens,distention_of_abdomen
abdominal distensions,distention_of_abdomen
bloating of abdomen,distention_of_abdomen
abdominal swellings,distention_of_abdomen
belly bloatings,distention_of_abdomen
abdominal swelling,distention_of_abdomen
dizzinesses,dizziness
giddy,dizziness
feeling light headeds,dizziness
woozies,dizziness
light headed,dizziness
feelin light headed,dizziness
dizzy,dizziness
woozy,dizziness
feeling faints,dizziness
giddies,dizziness
feeling light headed,dizziness
feeling faint,dizziness
lip tingling,drying_and_tingling_lips
prickly lips,drying_and_tingling_lips
lip tinglings,drying_and_tingling_lips
numb tingling lipses,drying_and_tingling_lips
tinglin around lips,drying_and_tingling_lips
dry and tingling lips,drying_and_tingling_lips
tingly dry lipses,drying_and_tingling_lips
numb tingling lips,drying_and_tingling_lips
dry lips with tinglings,drying_and_tingling_lips
dry & tingling lips,drying_and_tingling_lips
lips feel numb and tingle,drying_and_tingling_lips
numb tinglin lips,drying_and_tingling_lips
enlarged thyroid,enlarged_thyroid
thyroid is enlarged,enlarged_thyroid
thyroid enlargements,enlarged_thyroid
swollen thyroid,enlarged_thyroid
big thyroids,enlarged_thyroid
swollen thyroids,enlarged_thyroid
enlarged thyroids,enlarged_thyroid
thyroid is enlargeds,enlarged_thyroid
thyroid enlargement,enlarged_thyroid
thyroid swellings,enlarged_thyroid
neck swelling thyroids,enlarged_thyroid
goiters,enlarged_thyroid
increased hungers,excessive_hunger
feeling ravenouses,excessive_hunger
excess appetites,excessive_hunger
feeling ravenous,excessive_hunger
excess appetite,excessive_hunger
always hungry,excessive_hunger
hungry all the time,excessive_hunger
increased hunger,excessive_hunger
constant hunger,excessive_hunger
excessive hungers,excessive_hunger
always hungries,excessive_hunger
very hungry,excessive_hunger
extra marital contactses,extra_marital_contacts
extramarital contact,extra_marital_contacts
unfaithful sexual contact,extra_marital_contacts
affair sexual contact,extra_marital_contacts
affair sexual contacts,extra_marital_contacts
sex outside marriage,extra_marital_contacts
unfaithful sexual contacts,extra_marital_contacts
extramarital sex,extra_marital_contacts
outside marriage sex,extra_marital_contacts
multiple partners outside marriages,extra_marital_contacts
extramarital sexes,extra_marital_contacts
extra marital contacts,extra_marital_contacts
family histories,family_history
family history of illness,family_history
positive family histories,family_history
hereditary history,family_history
family history positive,family_history
family medical histories,family_history
positive family history,family_history
runs in the family,family_history
genetic histories,family_history
family history of illnesses,family_history
family medical history,family_history
runs in the families,family_history
rapid heartbeats,fast_heart_rate
tachycardias,fast_heart_rate
rapid heart rate,fast_heart_rate
fast pulses,fast_heart_rate
heart racin,fast_heart_rate
racin heart,fast_heart_rate
heart racing,fast_heart_rate
tachycardia,fast_heart_rate
racing heart,fast_heart_rate
heart racings,fast_heart_rate
fast pulse,fast_heart_rate
fast heart rates,fast_heart_rate
feelin drained,fatigue
worn outs,fatigue
very tired,fatigue
fatigue,fatigue
tirednesses,fatigue
fatigueds,fatigue
tiredness,fatigue
very tireds,fatigue
low energies,fatigue
feeling drained,fatigue
feeling draineds,fatigue
fatigues,fatigue
water retentions,fluid_overload
too much fluids,fluid_overload
fluid overload,fluid_overload
overhydration,fluid_overload
overhydrations,fluid_overload
excess fluid in bodies,fluid_overload
fluid overloads,fluid_overload
excess fluid in body,fluid_overload
volume overload,fluid_overload
holding waters,fluid_overload
volume overloads,fluid_overload
too much fluid,fluid_overload
urine has foul smells,foul_smell_of urine
strong urine smell,foul_smell_of urine
urine has foul smell,foul_smell_of urine
foul smelling urines,foul_smell_of urine
urine smells bad,foul_smell_of urine
bad smell in urines,foul_smell_of urine
pee smells bad,foul_smell_of urine
urine odors,foul_smell_of urine
smelly urines,foul_smell_of urine
foul smelling urine,foul_smell_of urine
pee smells bads,foul_smell_of urine
foul smellin urine,foul_smell_of urine
throbbing head pain,headache
achin head,headache
pressure in heads,headache
pain in heads,headache
throbbin head pain,headache
head is hurtings,headache
head hurts,headache
headaches,headache
head is hurting,headache
head pain,headache
aching head,headache
head pains,headache
spikin fever,high_fever
burning up with fevers,high_fever
temperature is highs,high_fever
very high temperatures,high_fever
temperature is high,high_fever
burnin up with fever,high_fever
fever is high,high_fever
high temps,high_fever
feverish and hot,high_fever
feverish and hots,high_fever
spiking fever,high_fever
spiking fevers,high_fever
pain in hip joint,hip_joint_pain
sore hip joint,hip_joint_pain
hip aches,hip_joint_pain
hip hurtses,hip_joint_pain
hip ache,hip_joint_pain
pain in hip joints,hip_joint_pain
hip pain,hip_joint_pain
hip pains,hip_joint_pain
ache in hip,hip_joint_pain
hip joint pains,hip_joint_pain
hip joint pain,hip_joint_pain
painful hips,hip_joint_pain
alcohol intake history,history_of_alcohol_consumption
alcohol use history,history_of_alcohol_consumption
history of alcohol consumption,history_of_alcohol_consumption
alcohol consumption pasts,history_of_alcohol_consumption
history of alcohol consumptions,history_of_alcohol_consumption
alcohol consumption past,history_of_alcohol_consumption
regular drinking history,history_of_alcohol_consumption
used to drink alcohols,history_of_alcohol_consumption
alcohol intake histories,history_of_alcohol_consumption
used to drink alcohol,history_of_alcohol_consumption
drinks alcohol regularly,history_of_alcohol_consumption
regular drinking histories,history_of_alcohol_consumption
more appetite than usual,increased_appetite
feeling extra hungry,increased_appetite
always hungry latelies,increased_appetite
more appetite than usuals,increased_appetite
hungry more than usual,increased_appetite
increased desire to eat,increased_appetite
feelin extra hungry,increased_appetite
hungry more than usuals,increased_appetite
bigger appetites,increased_appetite
appetite increaseds,increased_appetite
feeling extra hungries,increased_appetite
increased appetite,increased_appetite
fullness after mealses,indigestion
dyspepsias,indigestion
upset stomaches,indigestion
trouble digestings,indigestion
acid indigestion,indigestion
stomach upset,indigestion
indigestions,indigestion
acid indigestions,indigestion
trouble digesting,indigestion
indigestion,indigestion
stomach upsets,indigestion
trouble digestin,indigestion
nails look inflamed,inflammatory_nails
nail inflammation,inflammatory_nails
inflamed nailses,inflammatory_nails
nails look inflameds,inflammatory_nails
inflammatory nails,inflammatory_nails
tender nail folds,inflammatory_nails
red swollen nails,inflammatory_nails
nail inflammations,inflammatory_nails
nails are inflamed,inflammatory_nails
red swollen nailses,inflammatory_nails
inflammation around nails,inflammatory_nails
inflammatory nailses,inflammatory_nails
itching withins,internal_itching
itching under the skins,internal_itching
itching within,internal_itching
itchin inside,internal_itching
internal itchings,internal_itching
itchin internally,internal_itching
itchin within,internal_itching
itching internallies,internal_itching
itching under the skin,internal_itching
itching internally,internal_itching
itching insides,internal_itching
internal itch,internal_itching
sugar keeps goin up and down,irregular_sugar_level
sugar level is irregular,irregular_sugar_level
sugar keeps going up and down,irregular_sugar_level
sugar keeps going up & down,irregular_sugar_level
unstable blood sugar,irregular_sugar_level
irregular blood sugars,irregular_sugar_level
fluctuating sugar levelses,irregular_sugar_level
highs and lows of sugar,irregular_sugar_level
blood glucose fluctuations,irregular_sugar_level
highs & lows of sugar,irregular_sugar_level
blood glucose fluctuationses,irregular_sugar_level
highs and lows of sugars,irregular_sugar_level
easily irritateds,irritability
cranky and irritable,irritability
gets irritated quicklies,irritability
short tempered,irritability
snappy mood,irritability
short tempereds,irritability
gets irritated quickly,irritability
snappy moods,irritability
irritable mood,irritability
irritability,irritability
irritable moods,irritability
cant tolerate things,irritability
burning around anus,irritation_in_anus
itching around anus,irritation_in_anus
anal irritation,irritation_in_anus
soreness around anuses,irritation_in_anus
irritation in anuses,irritation_in_anus
irritated anuses,irritation_in_anus
anal irritations,irritation_in_anus
soreness around anus,irritation_in_anus
itchy anus,irritation_in_anus
anal discomfort,irritation_in_anus
burnin around anus,irritation_in_anus
anal discomforts,irritation_in_anus
itchiness,itching
skin itches,itching
itchy skins,itching
itching,itching
itching all over,itching
scratching a lots,itching
scratching a lot,itching
scratchin a lot,itching
itching all overs,itching
skin itch,itching
itchings,itching
prurituses,itching
aching jointses,joint_pain
joints hurt,joint_pain
sore jointses,joint_pain
sore joints,joint_pain
joint ache,joint_pain
joint pain,joint_pain
painful jointses,joint_pain
joint aches,joint_pain
joints hurts,joint_pain
pain in jointses,joint_pain
pain in joints,joint_pain
joint pains,joint_pain
pain in knee,knee_pain
soreness in knees,knee_pain
sore knee,knee_pain
pain in knees,knee_pain
knee hurtses,knee_pain
knee aches,knee_pain
ache in knee,knee_pain
knee ache,knee_pain
painful knee,knee_pain
ache in knees,knee_pain
soreness in knee,knee_pain
sore knees,knee_pain
hard to concentrates,lack_of_concentration
cant focus,lack_of_concentration
cant focuses,lack_of_concentration
poor concentration,lack_of_concentration
trouble focusin,lack_of_concentration
attention problems,lack_of_concentration
hard to concentrate,lack_of_concentration
poor concentrations,lack_of_concentration
concentration issues,lack_of_concentration
difficulty concentratin,lack_of_concentration
difficulty concentrating,lack_of_concentration
trouble focusing,lack_of_concentration
very tired and slow,lethargy
no energies,lethargy
listless,lethargy
extreme tiredness,lethargy
no energy,lethargy
lethargies,lethargy
sluggishes,lethargy
very tired and slows,lethargy
lethargic,lethargy
very tired & slow,lethargy
extreme tirednesses,lethargy
sluggish,lethargy
no desire to eat,loss_of_appetite
poor appetite,loss_of_appetite
loss of appetite,loss_of_appetite
loss of appetites,loss_of_appetite
decreased appetite,loss_of_appetite
no desire to eats,loss_of_appetite
loss of hungers,loss_of_appetite
appetite loss,loss_of_appetite
not hungries,loss_of_appetite
appetite losses,loss_of_appetite
loss of hunger,loss_of_appetite
poor appetites,loss_of_appetite
off balances,loss_of_balance
unsteady on feets,loss_of_balance
losing balances,loss_of_balance
off balance,loss_of_balance
loss of balances,loss_of_balance
keep losin balance,loss_of_balance
imbalances,loss_of_balance
losing balance,loss_of_balance
balance problems,loss_of_balance
imbalance,loss_of_balance
loss of balance,loss_of_balance
poor balances,loss_of_balance
smell is gones,loss_of_smell
reduced sense of smells,loss_of_smell
smell losses,loss_of_smell
anosmias,loss_of_smell
no sense of smell,loss_of_smell
smelling ability losts,loss_of_smell
reduced sense of smell,loss_of_smell
anosmia,loss_of_smell
loss of smell,loss_of_smell
cant smell,loss_of_smell
cant smells,loss_of_smell
smell is gone,loss_of_smell
malaises,malaise
unwell overalls,malaise
not feeling well,malaise
general ill feelin,malaise
sick feelin,malaise
feeling ill,malaise
feelin unwell,malaise
feelin ill,malaise
feeling ills,malaise
not feeling wells,malaise
general weakness,malaise
general ill feeling,malaise
small fevers,mild_fever
slight fever,mild_fever
mild fevers,mild_fever
runnin a mild fever,mild_fever
slight fevers,mild_fever
running a mild fevers,mild_fever
mild fever,mild_fever
low grade fevers,mild_fever
low grade fever,mild_fever
low grade temperature,mild_fever
a bit feverishes,mild_fever
low-grade temperatures,mild_fever
emotional ups and downs,mood_swings
mood changeses,mood_swings
mood changes,mood_swings
rapid mood shifts,mood_swings
mood swingses,mood_swings
emotional swings,mood_swings
irritable mood swings,mood_swings
mood is all overs,mood_swings
frequent mood changeses,mood_swings
emotional ups & downs,mood_swings
emotional ups and downses,mood_swings
mood is all over,mood_swings
rigidity in movements,movement_stiffness
stiff motions,movement_stiffness
body feels stiffs,movement_stiffness
stiff motion,movement_stiffness
movement stiffnesses,movement_stiffness
stiffness in movements,movement_stiffness
movements are stiffs,movement_stiffness
movement stiffness,movement_stiffness
stiffness in movement,movement_stiffness
movements are stiff,movement_stiffness
stiff movementses,movement_stiffness
rigidity in movement,movement_stiffness
thick mucus in coughs,mucoid_sputum
mucoid sputum,mucoid_sputum
thick mucus in cough,mucoid_sputum
phlegmy sputum,mucoid_sputum
thick phlegms,mucoid_sputum
mucous sputum,mucoid_sputum
mucus comin up,mucoid_sputum
mucous sputums,mucoid_sputum
thick phlegm,mucoid_sputum
mucus coming up,mucoid_sputum
mucus with cough,mucoid_sputum
mucus sputums,mucoid_sputum
pain in muscles,muscle_pain
aching muscleses,muscle_pain
muscles hurt,muscle_pain
muscles hurts,muscle_pain
muscle pains,muscle_pain
pain in muscleses,muscle_pain
muscle aches,muscle_pain
muscle ache,muscle_pain
myalgias,muscle_pain
myalgia,muscle_pain
aching muscles,muscle_pain
sore muscleses,muscle_pain
muscles shrinkings,muscle_wasting
wasting of muscleses,muscle_wasting
atrophy of muscleses,muscle_wasting
muscle atrophy,muscle_wasting
muscles shrinking,muscle_wasting
loss of muscle mass,muscle_wasting
thin muscles,muscle_wasting
muscle losses,muscle_wasting
loss of muscle masses,muscle_wasting
atrophy of muscles,muscle_wasting
wastin of muscles,muscle_wasting
muscle atrophies,muscle_wasting
muscle power is low,muscle_weakness
muscle weakness,muscle_weakness
weakness in muscles,muscle_weakness
weak muscles,muscle_weakness
loss of strength in muscles,muscle_weakness
reduced muscle strengths,muscle_weakness
loss of strength in muscleses,muscle_weakness
muscles are weak,muscle_weakness
muscle power is lows,muscle_weakness
weak muscleses,muscle_weakness
muscle weaknesses,muscle_weakness
muscles feel weak,muscle_weakness
feelin nauseous,nausea
nausea,nausea
sick to my stomach,nausea
nauseated,nausea
nauseas,nausea
upset stomach feeling,nausea
want to throw up,nausea
upset stomach feelings,nausea
sick to my stomaches,nausea
feeling nauseouses,nausea
want to throw ups,nausea
queasies,nausea
nauseateds,nausea
neck hurtses,neck_pain
neck aches,neck_pain
neck ache,neck_pain
sore neck,neck_pain
pain in necks,neck_pain
ache in necks,neck_pain
soreness in neck,neck_pain
painful neck,neck_pain
soreness in necks,neck_pain
neck hurts,neck_pain
neck pain,neck_pain
neck pains,neck_pain
skin nodules,nodal_skin_eruptions
nodular rash,nodal_skin_eruptions
nodular rashes,nodal_skin_eruptions
skin noduleses,nodal_skin_eruptions
skin bumps,nodal_skin_eruptions
lumpy skin lesions,nodal_skin_eruptions
lumpy skin lesionses,nodal_skin_eruptions
raised skin nodules,nodal_skin_eruptions
skin bumpses,nodal_skin_eruptions
nodal eruptions,nodal_skin_eruptions
nodules on skins,nodal_skin_eruptions
nodular skin eruptionses,nodal_skin_eruptions
overweights,obesity
high BMIs,obesity
carrying extra weights,obesity
high bmi,obesity
excess weight,obesity
too much weight,obesity
too much weights,obesity
obesities,obesity
obesity,obesity
very overweight,obesity
obeses,obesity
overweight,obesity
eyes hurt behinds,pain_behind_the_eyes
eyes hurt behind,pain_behind_the_eyes
pain behind my eye,pain_behind_the_eyes
pain behind the eyes,pain_behind_the_eyes
pain behind eyeses,pain_behind_the_eyes
retro orbital pains,pain_behind_the_eyes
eye socket pains,pain_behind_the_eyes
pain behind my eyes,pain_behind_the_eyes
pain behind eyes,pain_behind_the_eyes
ache behind eyes,pain_behind_the_eyes
pain behind the eye,pain_behind_the_eyes
eye socket pain,pain_behind_the_eyes
pain while defecatings,pain_during_bowel_movements
pain during bowel movements,pain_during_bowel_movements
pain while defecating,pain_during_bowel_movements
pain during bowel movementses,pain_during_bowel_movements
pain passing stool,pain_during_bowel_movements
pain on bowel movement,pain_during_bowel_movements
hurts to pass stools,pain_during_bowel_movements
pain passing stools,pain_during_bowel_movements
pain when poopings,pain_during_bowel_movements
stool passage is painful,pain_during_bowel_movements
stool passage is painfuls,pain_during_bowel_movements
pain when pooping,pain_during_bowel_movements
sore anuses,pain_in_anal_region
anal ache,pain_in_anal_region
pain in anal regions,pain_in_anal_region
painful anuses,pain_in_anal_region
anal pains,pain_in_anal_region
pain in anuses,pain_in_anal_region
anal pain,pain_in_anal_region
rectal pain,pain_in_anal_region
pain in anal region,pain_in_anal_region
anal aches,pain_in_anal_region
pain in anus,pain_in_anal_region
painful anus,pain_in_anal_region
hurts to walk,painful_walking
painful walking,painful_walking
pain when walking,painful_walking
pain with walkings,painful_walking
walking hurts,painful_walking
pain on walking,painful_walking
pain with walkin,painful_walking
pain when walkings,painful_walking
pain on walkings,painful_walking
pain on walkin,painful_walking
pain with walking,painful_walking
pain while walking,painful_walking
palpitationses,palpitations
heart thumping,palpitations
heart flutters,palpitations
fluttering heartbeat,palpitations
skipped beatses,palpitations
heart palpitationses,palpitations
heart thumpings,palpitations
rapid heartbeat feelings,palpitations
heart palpitations,palpitations
rapid heartbeat feeling,palpitations
palpitations,palpitations
heart flutterses,palpitations
too much gases,passage_of_gases
excess gas,passage_of_gases
fartings,passage_of_gases
excess gases,passage_of_gases
gas discharge,passage_of_gases
passing flatus,passage_of_gases
farting,passage_of_gases
gas discharges,passage_of_gases
too much gas,passage_of_gases
passing gases,passage_of_gases
gas passin,passage_of_gases
fartin,passage_of_gases
spots in throat,patches_in_throat
throat plaques,patches_in_throat
spots in throats,patches_in_throat
throat patcheses,patches_in_throat
throat white patcheses,patches_in_throat
patches in throat,patches_in_throat
throat plaqueses,patches_in_throat
throat spots,patches_in_throat
throat white patches,patches_in_throat
patches on throats,patches_in_throat
throat spotses,patches_in_throat
white patches in throat,patches_in_throat
sputum,phlegm
coughing up mucuses,phlegm
coughing up mucus,phlegm
chest mucus,phlegm
coughin up mucus,phlegm
mucus in throat,phlegm
mucuses,phlegm
phlegmy mucus,phlegm
phlegms,phlegm
thick mucus,phlegm
phlegmy mucuses,phlegm
phlegm,phlegm
frequent urination,polyuria
urinatin often,polyuria
passing urine often,polyuria
urinating often,polyuria
pee a lots,polyuria
urinate frequently,polyuria
urinate frequentlies,polyuria
peeing a lots,polyuria
passin urine often,polyuria
urinating oftens,polyuria
excess urinations,polyuria
pee a lot,polyuria
bulging veins on calfs,prominent_veins_on_calf
prominent veins on calfs,prominent_veins_on_calf
veins standing out on calf,prominent_veins_on_calf
veins popping on calf,prominent_veins_on_calf
veins standing out on calfs,prominent_veins_on_calf
visible calf veins,prominent_veins_on_calf
bulging veins on calf,prominent_veins_on_calf
bulgin veins on calf,prominent_veins_on_calf
varicose veins on calf,prominent_veins_on_calf
veins popping on calfs,prominent_veins_on_calf
engorged veins on calfs,prominent_veins_on_calf
veins poppin on calf,prominent_veins_on_calf
face puffed ups,puffy_face_and_eyes
swollen face and eyes,puffy_face_and_eyes
puffy face & eyes,puffy_face_and_eyes
face puffed up,puffy_face_and_eyes
puffy face,puffy_face_and_eyes
facial puffinesses,puffy_face_and_eyes
puffy eyes and face,puffy_face_and_eyes
face swelling with eye swellings,puffy_face_and_eyes
puffy faces,puffy_face_and_eyes
puffy eyes & face,puffy_face_and_eyes
puffy eyes and faces,puffy_face_and_eyes
puffy eyelidses,puffy_face_and_eyes
pimples with pus,pus_filled_pimples
zit with pus,pus_filled_pimples
pustules,pus_filled_pimples
pus pimples,pus_filled_pimples
pus filled pimples,pus_filled_pimples
infected pimples,pus_filled_pimples
zit with puses,pus_filled_pimples
pus filled pimpleses,pus_filled_pimples
pus filled acnes,pus_filled_pimples
pustuleses,pus_filled_pimples
infected pimpleses,pus_filled_pimples
whiteheads with pus,pus_filled_pimples
blood transfusion history,receiving_blood_transfusion
transfusion received,receiving_blood_transfusion
received transfusions,receiving_blood_transfusion
received blood transfusion,receiving_blood_transfusion
blood transfusion histories,receiving_blood_transfusion
got blood given,receiving_blood_transfusion
received transfusion,receiving_blood_transfusion
transfusion receiveds,receiving_blood_transfusion
had blood transfusions,receiving_blood_transfusion
history of blood transfusions,receiving_blood_transfusion
got a transfusion,receiving_blood_transfusion
received blood transfusions,receiving_blood_transfusion
non sterile injection,receiving_unsterile_injections
non sterile injections,receiving_unsterile_injections
unsafe injections,receiving_unsterile_injections
unhygienic injections,receiving_unsterile_injections
unsterile injections,receiving_unsterile_injections
received unsterile injections,receiving_unsterile_injections
unhygienic injection,receiving_unsterile_injections
unsterile injectionses,receiving_unsterile_injections
got a dirty needle,receiving_unsterile_injections
used needle injections,receiving_unsterile_injections
got a dirty needles,receiving_unsterile_injections
injection with unclean needles,receiving_unsterile_injections
red lesion around nose,red_sore_around_nose
redness sore by nose,red_sore_around_nose
painful red sore near noses,red_sore_around_nose
red sore around noses,red_sore_around_nose
redness sore by noses,red_sore_around_nose
sore by the nose,red_sore_around_nose
red sore at nose crease,red_sore_around_nose
sore around nostril,red_sore_around_nose
sore around nostrils,red_sore_around_nose
sore near nose,red_sore_around_nose
sore by the noses,red_sore_around_nose
sore near noses,red_sore_around_nose
red spots everywhere,red_spots_over_body
red spots all over,red_spots_over_body
body red spotses,red_spots_over_body
red spots over bodies,red_spots_over_body
red specks on bodies,red_spots_over_body
body red spots,red_spots_over_body
red spots over body,red_spots_over_body
rash with red spotses,red_spots_over_body
red pinpoint spots on bodies,red_spots_over_body
rash with red spots,red_spots_over_body
red dots all over bodies,red_spots_over_body
red spots everywheres,red_spots_over_body
eye rednesses,redness_of_eyes
redness of eyeses,redness_of_eyes
eyes look reds,redness_of_eyes
blood shot eyes,redness_of_eyes
eyes are red,redness_of_eyes
bloodshot eyeses,redness_of_eyes
red eyeses,redness_of_eyes
red eyes,redness_of_eyes
eyes are reds,redness_of_eyes
redness in eyeses,redness_of_eyes
redness in eyes,redness_of_eyes
blood shot eyeses,redness_of_eyes
feelin restless,restlessness
cant sit still,restlessness
fidgeties,restlessness
cant sit stills,restlessness
feeling restlesses,restlessness
very restlesses,restlessness
uneasy,restlessness
restless,restlessness
fidgety,restlessness
restlessnesses,restlessness
very restless,restlessness
uneasies,restlessness
nose is dripping,runny_nose
drippy noses,runny_nose
nose is drippings,runny_nose
nose is drippin,runny_nose
nasal discharges,runny_nose
nose is runnin,runny_nose
water from noses,runny_nose
nasal discharge,runny_nose
rhinorrheas,runny_nose
running noses,runny_nose
running nose,runny_nose
drippy nose,runny_nose
rust coloured phlegms,rusty_sputum
blood rust color sputums,rusty_sputum
brownish sputum,rusty_sputum
blood rust colour sputums,rusty_sputum
rusty sputum,rusty_sputum
blood rust colour sputum,rusty_sputum
rust colored phlegm,rusty_sputum
rust colored spit,rusty_sputum
blood rust color sputum,rusty_sputum
rust coloured spits,rusty_sputum
brownish sputums,rusty_sputum
rust coloured phlegm,rusty_sputum
skin scarring,scurring
crustin on skin,scurring
crusting on skin,scurring
scab formation,scurring
scarrings,scurring
scar tissue,scurring
healed scars,scurring
skin scarrings,scurring
crusty skins,scurring
scab formations,scurring
scarring,scurring
crusty skin,scurring
tremblin,shivering
body shaking,shivering
shivering,shivering
body shakings,shivering
body shakin,shivering
shaky with chills,shivering
rigors with shakings,shivering
trembling,shivering
shiverin a lot,shivering
shivering a lots,shivering
rigors with shaking,shivering
shivering a lot,shivering
fine silvery scaling,silver_like_dusting
silver coloured scaling,silver_like_dusting
silver dusting on skins,silver_like_dusting
silver dusting on skin,silver_like_dusting
silver dustin on skin,silver_like_dusting
fine silvery scalin,silver_like_dusting
silver colored scalin,silver_like_dusting
silver like dustings,silver_like_dusting
silvery flakeses,silver_like_dusting
silvery flakes,silver_like_dusting
silver like dustin,silver_like_dusting
silver colored scaling,silver_like_dusting
sinus pain pressures,sinus_pressure
pressure over cheeks,sinus_pressure
pressure in sinuses,sinus_pressure
pressure around nose and eyeses,sinus_pressure
pressure in faces,sinus_pressure
sinus congestion pressure,sinus_pressure
pressure over cheekses,sinus_pressure
sinus congestion pressures,sinus_pressure
sinus pain pressure,sinus_pressure
facial pressures,sinus_pressure
pressure around nose & eyes,sinus_pressure
facial pressure,sinus_pressure
peeling skin,skin_peeling
skin peeling,skin_peeling
skin shedding,skin_peeling
skin flakin,skin_peeling
skin peelin,skin_peeling
skin coming offs,skin_peeling
peelin skin,skin_peeling
skin is peeling,skin_peeling
skin flakings,skin_peeling
desquamations,skin_peeling
skin sheddings,skin_peeling
peel of skins,skin_peeling
itchy rashes,skin_rash
skin rash,skin_rash
rash on skin,skin_rash
skin rash all overs,skin_rash
rashes,skin_rash
skin breakout,skin_rash
skin eruption,skin_rash
skin eruptions,skin_rash
skin rashes,skin_rash
rash on skins,skin_rash
red rashes,skin_rash
itchy rash,skin_rash
slur speech,slurred_speech
hard to speak clearly,slurred_speech
talking is slurred,slurred_speech
slurred speeches,slurred_speech
talking is slurreds,slurred_speech
words are slurreds,slurred_speech
speech not clears,slurred_speech
slur speeches,slurred_speech
speech slurrin,slurred_speech
hard to speak clearlies,slurred_speech
slurry speech,slurred_speech
talkin is slurred,slurred_speech
small dents in nails,small_dents_in_nails
pitting in nailses,small_dents_in_nails
nail pitting,small_dents_in_nails
pitted nails,small_dents_in_nails
small dents in nailses,small_dents_in_nails
nail pittings,small_dents_in_nails
pinpoint pits in nails,small_dents_in_nails
pitting in nails,small_dents_in_nails
tiny pits on nailses,small_dents_in_nails
nail pittin,small_dents_in_nails
small nail pits,small_dents_in_nails
pittin in nails,small_dents_in_nails
room spinnin,spinning_movements
dizzy spinnings,spinning_movements
spins when i move,spinning_movements
everything spinning,spinning_movements
spinning sensations,spinning_movements
vertigo,spinning_movements
feel like spinnings,spinning_movements
room spinnings,spinning_movements
vertigos,spinning_movements
spinnin sensation,spinning_movements
spins when I moves,spinning_movements
room spinning,spinning_movements
spotting with urinations,spotting_ urination
spotting during urinations,spotting_ urination
spottin durin urination,spotting_ urination
urine spottin,spotting_ urination
blood spotting in urines,spotting_ urination
spotting at urinations,spotting_ urination
blood spotting in urine,spotting_ urination
spotting at urination,spotting_ urination
urine spottings,spotting_ urination
spottin with urination,spotting_ urination
spotting during urination,spotting_ urination
blood spottin in urine,spotting_ urination
tight necks,stiff_neck
stiffness of necks,stiff_neck
rigid necks,stiff_neck
neck feels stiff,stiff_neck
rigid neck,stiff_neck
neck is stiffs,stiff_neck
stiff neck,stiff_neck
stiffness of neck,stiff_neck
tight neck,stiff_neck
difficulty bending neck,stiff_neck
difficulty bendin neck,stiff_neck
neck is stiff,stiff_neck
blood from stomaches,stomach_bleeding
bleeding from stomach,stomach_bleeding
stomach hemorrhage,stomach_bleeding
stomach haemorrhage,stomach_bleeding
bleedin ulcer in stomach,stomach_bleeding
bleed in stomaches,stomach_bleeding
stomach bleedin,stomach_bleeding
bleeding from stomaches,stomach_bleeding
stomach bleedings,stomach_bleeding
stomach haemorrhages,stomach_bleeding
stomach hemorrhages,stomach_bleeding
gastric bleedin,stomach_bleeding
pain in stomaches,stomach_pain
pain in stomach,stomach_pain
stomach hurts,stomach_pain
stomach hurtses,stomach_pain
sore stomach,stomach_pain
ache in stomaches,stomach_pain
stomach ache,stomach_pain
stomach aches,stomach_pain
stomach pain,stomach_pain
ache in stomach,stomach_pain
eyes are sunkens,sunken_eyes
sunken eye looks,sunken_eyes
eyes look hollows,sunken_eyes
sunken eyeses,sunken_eyes
eyes sunk ins,sunken_eyes
hollow eyes,sunken_eyes
eyes look hollow,sunken_eyes
eyes look sunken,sunken_eyes
hollow eyeses,sunken_eyes
eyes sunk in,sunken_eyes
eyes look sunkens,sunken_eyes
eyes are sunken,sunken_eyes
perspirations,sweating
sweating a lots,sweating
sweating a lot,sweating
sweatses,sweating
sweating excessively,sweating
sweating,sweating
sweaty,sweating
sweating excessivelies,sweating
sweatings,sweating
sweating heavily,sweating
excess sweating,sweating
sweatin,sweating
glands are swollens,swelled_lymph_nodes
enlarged lymph nodeses,swelled_lymph_nodes
swollen lymph nodeses,swelled_lymph_nodes
glands are swollen,swelled_lymph_nodes
lumps in neck glandses,swelled_lymph_nodes
lumps in neck glands,swelled_lymph_nodes
lymph node swellin,swelled_lymph_nodes
swelled lymph nodes,swelled_lymph_nodes
swollen glandses,swelled_lymph_nodes
swollen lymph nodes,swelled_lymph_nodes
lymph node swellings,swelled_lymph_nodes
swelled lymph nodeses,swelled_lymph_nodes
joints are swollen,swelling_joints
swelling of jointses,swelling_joints
joint puffinesses,swelling_joints
swollen jointses,swelling_joints
swellin of joints,swelling_joints
joint puffiness,swelling_joints
swelling of joints,swelling_joints
joints are swollens,swelling_joints
joints look swollens,swelling_joints
swollen joints,swelling_joints
joint swellings,swelling_joints
joint swelling,swelling_joints
swollen bellies,swelling_of_stomach
bloating of stomaches,swelling_of_stomach
swollen stomach,swelling_of_stomach
belly swellin,swelling_of_stomach
stomach swellings,swelling_of_stomach
distended stomaches,swelling_of_stomach
stomach looks swollen,swelling_of_stomach
distended stomach,swelling_of_stomach
stomach swelling,swelling_of_stomach
stomach swellin,swelling_of_stomach
stomach looks swollens,swelling_of_stomach
swollen stomaches,swelling_of_stomach
veins are bulging,swollen_blood_vessels
bulging veinses,swollen_blood_vessels
bulging veins,swollen_blood_vessels
veins poppings,swollen_blood_vessels
engorged veinses,swollen_blood_vessels
swollen blood vessels,swollen_blood_vessels
inflamed blood vesselses,swollen_blood_vessels
prominent veins,swollen_blood_vessels
swollen blood vesselses,swollen_blood_vessels
veins look swollen,swollen_blood_vessels
veins look swollens,swollen_blood_vessels
prominent veinses,swollen_blood_vessels
limb swellin,swollen_extremeties
swollen hands and feets,swollen_extremeties
peripheral oedemas,swollen_extremeties
peripheral edema,swollen_extremeties
swellin in extremities,swollen_extremeties
swelling in extremitieses,swollen_extremeties
peripheral oedema,swollen_extremeties
limb swellings,swollen_extremeties
swelling in extremities,swollen_extremeties
swollen hands and feet,swollen_extremeties
extremities are swollens,swollen_extremeties
extremities are swollen,swollen_extremeties
legs look swollen,swollen_legs
leg swelling,swollen_legs
legs look swollens,swollen_legs
puffy legses,swollen_legs
leg oedemas,swollen_legs
leg swellin,swollen_legs
puffy legs,swollen_legs
leg oedema,swollen_legs
leg edemas,swollen_legs
swollen legses,swollen_legs
fluid in legs,swollen_legs
swelling in legs,swollen_legs
rough throat,throat_irritation
scratchy throat,throat_irritation
throat feels scratchy,throat_irritation
rough throats,throat_irritation
throat is irritateds,throat_irritation
irritated throats,throat_irritation
throat is irritated,throat_irritation
throat irritation,throat_irritation
throat feels scratchies,throat_irritation
irritated throat,throat_irritation
throat irritations,throat_irritation
scratchy throats,throat_irritation
sickly appearances,toxic_look_(typhos)
toxic look,toxic_look_(typhos)
toxic appearances,toxic_look_(typhos)
very ill appearances,toxic_look_(typhos)
ill lookings,toxic_look_(typhos)
toxic look typhos,toxic_look_(typhos)
sickly appearance,toxic_look_(typhos)
ill looking,toxic_look_(typhos)
typhoid like looks,toxic_look_(typhos)
appears very toxic,toxic_look_(typhos)
very ill appearance,toxic_look_(typhos)
ill lookin,toxic_look_(typhos)
tongue soreses,ulcers_on_tongue
tongue ulcer,ulcers_on_tongue
tongue sores,ulcers_on_tongue
sore on tongues,ulcers_on_tongue
ulcers on tongue,ulcers_on_tongue
canker on tongues,ulcers_on_tongue
ulcers on tongues,ulcers_on_tongue
painful ulcer on tongues,ulcers_on_tongue
mouth ulcer on tongues,ulcers_on_tongue
mouth ulcer on tongue,ulcers_on_tongue
canker on tongue,ulcers_on_tongue
painful ulcer on tongue,ulcers_on_tongue
ulcer,ulcers_on_tongue
ulcers,ulcers_on_tongue
walking is unsteady,unsteadiness
unsteadinesses,unsteadiness
feelin wobbly,unsteadiness
walking is unsteadies,unsteadiness
walk unsteadily,unsteadiness
unsteady,unsteadiness
walkin is unsteady,unsteadiness
unstable walkin,unsteadiness
wobbly on feets,unsteadiness
wobbly on feet,unsteadiness
unstable walking,unsteadiness
unsteadies,unsteadiness
trouble seeings,visual_disturbances
changes in visions,visual_disturbances
visual changes,visual_disturbances
visual problem,visual_disturbances
changes in vision,visual_disturbances
trouble seein,visual_disturbances
vision problems,visual_disturbances
vision disturbances,visual_disturbances
visual changeses,visual_disturbances
visual disturbanceses,visual_disturbances
visual problems,visual_disturbances
vision problemses,visual_disturbances
barfing,vomiting
sick ups,vomiting
pukin,vomiting
sick up,vomiting
vomitin,vomiting
vomiting,vomiting
throwing up,vomiting
retchin and vomitin,vomiting
vomit,vomiting
barfin,vomiting
vomits,vomiting
throwing ups,vomiting
excess tearses,watering_from_eyes
water coming from eyes,watering_from_eyes
tearing,watering_from_eyes
eyes watering,watering_from_eyes
water comin from eyes,watering_from_eyes
eyes keep watering,watering_from_eyes
lacrimation,watering_from_eyes
eyes waterin,watering_from_eyes
tearin,watering_from_eyes
eyes are watery,watering_from_eyes
eyes keep waterings,watering_from_eyes
eyes waterings,watering_from_eyes
weakness of limbs,weakness_in_limbs
weak arms and legses,weakness_in_limbs
arm and leg weaknesses,weakness_in_limbs
weakness in limbs,weakness_in_limbs
limbs feel weak,weakness_in_limbs
weakness in arms or legses,weakness_in_limbs
limbs are weak,weakness_in_limbs
arm & leg weakness,weakness_in_limbs
limbs feel weaks,weakness_in_limbs
weak arms and legs,weakness_in_limbs
weakness in arms or legs,weakness_in_limbs
limb weakness,weakness_in_limbs
one side of body weaks,weakness_of_one_body_side
one sided weakness,weakness_of_one_body_side
left side weakness,weakness_of_one_body_side
weakness of one body side,weakness_of_one_body_side
weakness on one sides,weakness_of_one_body_side
one side of body weak,weakness_of_one_body_side
right side weaknesses,weakness_of_one_body_side
weakness on one side,weakness_of_one_body_side
right side weakness,weakness_of_one_body_side
hemiparesis,weakness_of_one_body_side
one side feels weaks,weakness_of_one_body_side
weakness of one body sides,weakness_of_one_body_side
weight goin up,weight_gain
gained weights,weight_gain
added weights,weight_gain
increased weight,weight_gain
put on weight,weight_gain
put on weights,weight_gain
weight gains,weight_gain
weight gain,weight_gain
put weight ons,weight_gain
put weight on,weight_gain
getting heaviers,weight_gain
added weight,weight_gain
weight losses,weight_loss
weight goin down,weight_loss
unintended weight losses,weight_loss
losin weight,weight_loss
weight going downs,weight_loss
shed weight,weight_loss
weight dropping,weight_loss
losing weights,weight_loss
losing weight,weight_loss
lost weight,weight_loss
unintended weight loss,weight_loss
reduced weight,weight_loss
honey colored crusts,yellow_crust_ooze
yellow crusting with ooze,yellow_crust_ooze
honey colored crustses,yellow_crust_ooze
oozin yellow crusts,yellow_crust_ooze
yellowish crust oozing,yellow_crust_ooze
yellow ooze crustses,yellow_crust_ooze
oozing yellow crustses,yellow_crust_ooze
yellow crust discharges,yellow_crust_ooze
golden crust with oozes,yellow_crust_ooze
yellow crust ooze,yellow_crust_ooze
yellow ooze crusts,yellow_crust_ooze
golden crust with ooze,yellow_crust_ooze
yellow urine,yellow_urine
urine yellows,yellow_urine
urine looks yellows,yellow_urine
yellow colored urine,yellow_urine
yellow pees,yellow_urine
yellow colored urines,yellow_urine
yellow pee,yellow_urine
yellow urines,yellow_urine
deep yellow urine,yellow_urine
yellow coloured urines,yellow_urine
yellow eyeses,yellowing_of_eyes
scleral icteruses,yellowing_of_eyes
yellow color in eyeses,yellowing_of_eyes
eyes turned yellows,yellowing_of_eyes
eyes turned yellow,yellowing_of_eyes
yellow eyes,yellowing_of_eyes
jaundiced eyes,yellowing_of_eyes
eyes look yellows,yellowing_of_eyes
yellowing of eyes,yellowing_of_eyes
eyes look yellow,yellowing_of_eyes
yellow color in eyes,yellowing_of_eyes
yellow colour in eyeses,yellowing_of_eyes
yellow colourin of skin,yellowish_skin
yellowish skin,yellowish_skin
yellow colouring of skins,yellowish_skin
jaundices,yellowish_skin
yellow skins,yellowish_skin
skin is yellowishes,yellowish_skin
skin turned yellows,yellowish_skin
yellowish skins,yellowish_skin
skin is yellowish,yellowish_skin
skin turned yellow,yellowish_skin
yellow colouring of skin,yellowish_skin
skin looks yellow,yellowish_skin
